# experiment: calibration, estimated cost against measured time for joins run three ways
# query: SELECT u.name FROM users u JOIN orders o ON u.id = o.user_id WHERE o.amount > T
# grid: users in 10..1000, orders per user 1 or 4, the filter keeps 2%, 20% or 100% of orders
# runs: 1 warm-up, then 5 timed; exec_ms is the median. Joins are forced to each method in turn.
# est_cost is the cost model's price for the whole plan with that method chosen at the join
# statistics: ANALYZE before every cell
# compiler: 15.2.0
# build: Release, flags: -O2 -DNDEBUG
# cpu: Intel(R) Core(TM) i7-14700HX
# commit: 2cbd4d1
experiment,query_id,variant,table_rows,plan_hash,est_cost,est_rows_root,actual_rows_root,max_node_q_error,rows_processed,plan_ms,exec_ms,exec_ms_min,exec_ms_max,commit,seed,left_rows,right_rows,pairs,build_rows,probe_rows,join_out_rows,join_self_ms
calibration,grid-u10-k1-s2,nested_loop,10,3c11401aaefc3284,2.5000,,0,,40,0.009,0.0038,0.0037,0.0040,2cbd4d1,1,10,0,0,0,0,0,0.0004
calibration,grid-u10-k1-s2,hash_build_right,10,c314984f299dcb25,2.6000,,0,,40,0.009,0.0043,0.0043,0.0043,2cbd4d1,1,10,0,0,0,10,0,0.0009
calibration,grid-u10-k1-s2,hash_build_left,10,4d3fbb292f1f348a,2.7000,,0,,40,0.009,0.0053,0.0051,0.0057,2cbd4d1,1,10,0,0,10,0,0,0.0018
calibration,grid-u10-k1-s20,nested_loop,10,a541d71029a4d99a,2.5000,,1,,54,0.009,0.0048,0.0047,0.0050,2cbd4d1,1,10,1,10,0,0,1,0.0013
calibration,grid-u10-k1-s20,hash_build_right,10,926d792abb189001,2.6000,,1,,45,0.009,0.0051,0.0050,0.0051,2cbd4d1,1,10,1,1,1,10,1,0.0015
calibration,grid-u10-k1-s20,hash_build_left,10,349b7c5f598a4332,2.7000,,1,,45,0.009,0.0057,0.0056,0.0061,2cbd4d1,1,10,1,1,10,1,1,0.0019
calibration,grid-u10-k1-s100,nested_loop,10,ac229a3f4ddf98d7,3.8000,,10,,180,0.008,0.0138,0.0138,0.0142,2cbd4d1,1,10,10,100,0,0,10,0.0083
calibration,grid-u10-k1-s100,hash_build_right,10,7c6223631d2c40b4,3.1000,,10,,90,0.009,0.0095,0.0094,0.0097,2cbd4d1,1,10,10,10,10,10,10,0.0040
calibration,grid-u10-k1-s100,hash_build_left,10,602cefa5faa98eca,3.1000,,10,,90,0.009,0.0092,0.0090,0.0098,2cbd4d1,1,10,10,10,10,10,10,0.0033
calibration,grid-u10-k4-s2,nested_loop,10,3c11401aaefc3284,3.4000,,0,,100,0.009,0.0084,0.0083,0.0084,2cbd4d1,1,10,0,0,0,0,0,0.0004
calibration,grid-u10-k4-s2,hash_build_right,10,c314984f299dcb25,3.5000,,0,,100,0.009,0.0089,0.0085,0.0089,2cbd4d1,1,10,0,0,0,10,0,0.0009
calibration,grid-u10-k4-s2,hash_build_left,10,4d3fbb292f1f348a,3.6000,,0,,100,0.009,0.0096,0.0095,0.0100,2cbd4d1,1,10,0,0,10,0,0,0.0015
calibration,grid-u10-k4-s20,nested_loop,10,a541d71029a4d99a,4.0081,,6,,184,0.008,0.0144,0.0141,0.0146,2cbd4d1,1,10,6,60,0,0,6,0.0052
calibration,grid-u10-k4-s20,hash_build_right,10,926d792abb189001,3.7339,,6,,130,0.009,0.0115,0.0115,0.0118,2cbd4d1,1,10,6,6,6,10,6,0.0025
calibration,grid-u10-k4-s20,hash_build_left,10,349b7c5f598a4332,3.7871,,6,,130,0.008,0.0119,0.0117,0.0121,2cbd4d1,1,10,6,6,10,6,6,0.0026
calibration,grid-u10-k4-s100,nested_loop,10,ac229a3f4ddf98d7,8.6000,,40,,660,0.008,0.0472,0.0468,0.0497,2cbd4d1,1,10,40,400,0,0,40,0.0301
calibration,grid-u10-k4-s100,hash_build_right,10,7c6223631d2c40b4,5.5000,,40,,300,0.009,0.0265,0.0260,0.0307,2cbd4d1,1,10,40,40,40,10,40,0.0099
calibration,grid-u10-k4-s100,hash_build_left,10,602cefa5faa98eca,5.2000,,40,,300,0.009,0.0257,0.0255,0.0258,2cbd4d1,1,10,40,40,10,40,40,0.0083
calibration,grid-u30-k1-s2,nested_loop,30,3c11401aaefc3284,3.5000,,1,,154,0.008,0.0119,0.0118,0.0120,2cbd4d1,1,30,1,30,0,0,1,0.0032
calibration,grid-u30-k1-s2,hash_build_right,30,c314984f299dcb25,3.8000,,1,,125,0.009,0.0117,0.0116,0.0118,2cbd4d1,1,30,1,1,1,30,1,0.0029
calibration,grid-u30-k1-s2,hash_build_left,30,4d3fbb292f1f348a,4.1000,,1,,125,0.009,0.0158,0.0155,0.0162,2cbd4d1,1,30,1,1,30,1,1,0.0060
calibration,grid-u30-k1-s20,nested_loop,30,a541d71029a4d99a,4.6530,,5,,290,0.008,0.0213,0.0213,0.0219,2cbd4d1,1,30,5,150,0,0,5,0.0118
calibration,grid-u30-k1-s20,hash_build_right,30,926d792abb189001,3.9747,,5,,145,0.008,0.0140,0.0136,0.0144,2cbd4d1,1,30,5,5,5,30,5,0.0045
calibration,grid-u30-k1-s20,hash_build_left,30,349b7c5f598a4332,4.2398,,5,,145,0.008,0.0171,0.0170,0.0179,2cbd4d1,1,30,5,5,30,5,5,0.0065
calibration,grid-u30-k1-s100,nested_loop,30,ac229a3f4ddf98d7,13.4000,,30,,1140,0.008,0.0791,0.0598,0.0882,2cbd4d1,1,30,30,900,0,0,30,0.0637
calibration,grid-u30-k1-s100,hash_build_right,30,7c6223631d2c40b4,5.3000,,30,,270,0.006,0.0188,0.0186,0.0193,2cbd4d1,1,30,30,30,30,30,30,0.0081
calibration,grid-u30-k1-s100,hash_build_left,30,602cefa5faa98eca,5.3000,,30,,270,0.005,0.0190,0.0188,0.0200,2cbd4d1,1,30,30,30,30,30,30,0.0074
calibration,grid-u30-k4-s2,nested_loop,30,3c11401aaefc3284,7.2000,,2,,368,0.005,0.0206,0.0205,0.0208,2cbd4d1,1,30,2,60,0,0,2,0.0040
calibration,grid-u30-k4-s2,hash_build_right,30,c314984f299dcb25,7.5000,,2,,310,0.005,0.0188,0.0186,0.0209,2cbd4d1,1,30,2,2,2,30,2,0.0023
calibration,grid-u30-k4-s2,hash_build_left,30,4d3fbb292f1f348a,7.8000,,2,,310,0.005,0.0213,0.0207,0.0218,2cbd4d1,1,30,2,2,30,2,2,0.0039
calibration,grid-u30-k4-s20,nested_loop,30,a541d71029a4d99a,11.1922,,14,,776,0.005,0.0422,0.0421,0.0425,2cbd4d1,1,30,14,420,0,0,14,0.0237
calibration,grid-u30-k4-s20,hash_build_right,30,926d792abb189001,8.1049,,14,,370,0.005,0.0233,0.0232,0.0238,2cbd4d1,1,30,14,14,14,30,14,0.0049
calibration,grid-u30-k4-s20,hash_build_left,30,349b7c5f598a4332,8.2839,,14,,370,0.005,0.0245,0.0243,0.0282,2cbd4d1,1,30,14,14,30,14,14,0.0054
calibration,grid-u30-k4-s100,nested_loop,30,ac229a3f4ddf98d7,46.8000,,120,,4380,0.005,0.2254,0.2250,0.2284,2cbd4d1,1,30,120,3600,0,0,120,0.1896
calibration,grid-u30-k4-s100,hash_build_right,30,7c6223631d2c40b4,13.5000,,120,,900,0.006,0.0533,0.0528,0.0625,2cbd4d1,1,30,120,120,120,30,120,0.0207
calibration,grid-u30-k4-s100,hash_build_left,30,602cefa5faa98eca,12.6000,,120,,900,0.005,0.0527,0.0525,0.0537,2cbd4d1,1,30,120,120,30,120,120,0.0174
calibration,grid-u100-k1-s2,nested_loop,100,3c11401aaefc3284,7.2172,,4,,816,0.005,0.0440,0.0438,0.0441,2cbd4d1,1,100,4,400,0,0,4,0.0237
calibration,grid-u100-k1-s2,hash_build_right,100,c314984f299dcb25,8.0105,,4,,420,0.007,0.0270,0.0264,0.1984,2cbd4d1,1,100,4,4,4,100,4,0.0064
calibration,grid-u100-k1-s2,hash_build_left,100,4d3fbb292f1f348a,9.0084,,4,,420,0.006,0.0348,0.0340,0.0358,2cbd4d1,1,100,4,4,100,4,4,0.0115
calibration,grid-u100-k1-s20,nested_loop,100,a541d71029a4d99a,26.2278,,22,,2688,0.005,0.1449,0.1444,0.1514,2cbd4d1,1,100,22,2200,0,0,22,0.1215
calibration,grid-u100-k1-s20,hash_build_right,100,926d792abb189001,8.9334,,22,,510,0.005,0.0350,0.0346,0.0355,2cbd4d1,1,100,22,22,22,100,22,0.0116
calibration,grid-u100-k1-s20,hash_build_left,100,349b7c5f598a4332,9.7467,,22,,510,0.005,0.0392,0.0390,0.0401,2cbd4d1,1,100,22,22,100,22,22,0.0133
calibration,grid-u100-k1-s100,nested_loop,100,ac229a3f4ddf98d7,110.0000,,100,,10800,0.006,0.5716,0.5689,0.5748,2cbd4d1,1,100,100,10000,0,0,100,0.5342
calibration,grid-u100-k1-s100,hash_build_right,100,7c6223631d2c40b4,13.0000,,100,,900,0.006,0.0679,0.0612,0.1750,2cbd4d1,1,100,100,100,100,100,100,0.0292
calibration,grid-u100-k1-s100,hash_build_left,100,602cefa5faa98eca,13.0000,,100,,900,0.005,0.0611,0.0607,0.1496,2cbd4d1,1,100,100,100,100,100,100,0.0235
calibration,grid-u100-k4-s2,nested_loop,100,3c11401aaefc3284,33.1176,,16,,2664,0.005,0.1436,0.1413,0.1446,2cbd4d1,1,100,16,1600,0,0,16,0.0873
calibration,grid-u100-k4-s2,hash_build_right,100,c314984f299dcb25,20.6853,,16,,1080,0.006,0.0658,0.0650,0.0669,2cbd4d1,1,100,16,16,16,100,16,0.0096
calibration,grid-u100-k4-s2,hash_build_left,100,4d3fbb292f1f348a,21.5483,,16,,1080,0.005,0.0700,0.0697,0.0787,2cbd4d1,1,100,16,16,100,16,16,0.0125
calibration,grid-u100-k4-s20,nested_loop,100,a541d71029a4d99a,100.9350,,82,,9528,0.006,0.4940,0.4905,0.4966,2cbd4d1,1,100,82,8200,0,0,82,0.4256
calibration,grid-u100-k4-s20,hash_build_right,100,926d792abb189001,23.9774,,82,,1410,0.005,0.0883,0.0879,0.0889,2cbd4d1,1,100,82,82,82,100,82,0.0233
calibration,grid-u100-k4-s20,hash_build_left,100,349b7c5f598a4332,24.1819,,82,,1410,0.005,0.0902,0.0896,0.0903,2cbd4d1,1,100,82,82,100,82,82,0.0210
calibration,grid-u100-k4-s100,nested_loop,100,ac229a3f4ddf98d7,431.0000,,400,,42600,0.006,2.2060,2.2026,2.2452,2cbd4d1,1,100,400,40000,0,0,400,2.0923
calibration,grid-u100-k4-s100,hash_build_right,100,7c6223631d2c40b4,40.0000,,400,,3000,0.006,0.1864,0.1769,0.2605,2cbd4d1,1,100,400,400,400,100,400,0.0715
calibration,grid-u100-k4-s100,hash_build_left,100,602cefa5faa98eca,37.0000,,400,,3000,0.006,0.1759,0.1748,0.1798,2cbd4d1,1,100,400,400,100,400,400,0.0607
calibration,grid-u300-k1-s2,nested_loop,300,3c11401aaefc3284,46.9860,,11,,4544,0.005,0.2422,0.2408,0.2447,2cbd4d1,1,300,11,3300,0,0,11,0.1809
calibration,grid-u300-k1-s2,hash_build_right,300,c314984f299dcb25,24.4288,,11,,1255,0.005,0.0821,0.0805,0.0849,2cbd4d1,1,300,11,11,11,300,11,0.0219
calibration,grid-u300-k1-s2,hash_build_left,300,4d3fbb292f1f348a,27.3430,,11,,1255,0.005,0.0935,0.0929,0.0942,2cbd4d1,1,300,11,11,300,11,11,0.0296
calibration,grid-u300-k1-s20,nested_loop,300,a541d71029a4d99a,246.7193,,76,,24304,0.006,1.2348,1.2253,1.3431,2cbd4d1,1,300,76,22800,0,0,76,1.1591
calibration,grid-u300-k1-s20,hash_build_right,300,926d792abb189001,27.7247,,76,,1580,0.006,0.1069,0.1059,0.1085,2cbd4d1,1,300,76,76,76,300,76,0.0368
calibration,grid-u300-k1-s20,hash_build_left,300,349b7c5f598a4332,29.9798,,76,,1580,0.005,0.1143,0.1130,0.1160,2cbd4d1,1,300,76,76,300,76,76,0.0380
calibration,grid-u300-k1-s100,nested_loop,300,ac229a3f4ddf98d7,930.0000,,300,,92400,0.006,4.9005,4.7850,5.0435,2cbd4d1,1,300,300,90000,0,0,300,4.7894
calibration,grid-u300-k1-s100,hash_build_right,300,7c6223631d2c40b4,39.0000,,300,,2700,0.006,0.1774,0.1763,0.1875,2cbd4d1,1,300,300,300,300,300,300,0.0782
calibration,grid-u300-k1-s100,hash_build_left,300,602cefa5faa98eca,39.0000,,300,,2700,0.005,0.1741,0.1733,0.1818,2cbd4d1,1,300,300,300,300,300,300,0.0673
calibration,grid-u300-k4-s2,nested_loop,300,3c11401aaefc3284,118.0806,,22,,9688,0.005,0.5189,0.5069,0.5253,2cbd4d1,1,300,22,6600,0,0,22,0.3555
calibration,grid-u300-k4-s2,hash_build_right,300,c314984f299dcb25,61.0079,,22,,3110,0.006,0.1877,0.1852,0.1885,2cbd4d1,1,300,22,22,22,300,22,0.0251
calibration,grid-u300-k4-s2,hash_build_left,300,4d3fbb292f1f348a,63.8063,,22,,3110,0.005,0.1987,0.1955,0.2007,2cbd4d1,1,300,22,22,300,22,22,0.0315
calibration,grid-u300-k4-s20,nested_loop,300,a541d71029a4d99a,834.3734,,262,,82648,0.006,4.2692,4.1523,4.3930,2cbd4d1,1,300,262,78600,0,0,262,4.0594
calibration,grid-u300-k4-s20,hash_build_right,300,926d792abb189001,72.8279,,262,,4310,0.007,0.2672,0.2650,0.2706,2cbd4d1,1,300,262,262,262,300,262,0.0717
calibration,grid-u300-k4-s20,hash_build_left,300,349b7c5f598a4332,73.2624,,262,,4310,0.006,0.2634,0.2628,0.2698,2cbd4d1,1,300,262,262,300,262,262,0.0625
calibration,grid-u300-k4-s100,nested_loop,300,ac229a3f4ddf98d7,3693.0000,,1200,,367800,0.009,18.7198,18.6112,19.0201,2cbd4d1,1,300,1200,360000,0,0,1200,18.3576
calibration,grid-u300-k4-s100,hash_build_right,300,7c6223631d2c40b4,120.0000,,1200,,9000,0.007,0.5420,0.5304,0.5740,2cbd4d1,1,300,1200,1200,1200,300,1200,0.2154
calibration,grid-u300-k4-s100,hash_build_left,300,602cefa5faa98eca,111.0000,,1200,,9000,0.005,0.5255,0.5182,0.5496,2cbd4d1,1,300,1200,1200,300,1200,1200,0.1841
calibration,grid-u1000-k1-s2,nested_loop,1000,3c11401aaefc3284,294.8397,,23,,27092,0.006,1.4322,1.3957,1.4621,2cbd4d1,1,1000,23,23000,0,0,23,1.2171
calibration,grid-u1000-k1-s2,hash_build_right,1000,c314984f299dcb25,81.1208,,23,,4115,0.006,0.2961,0.2755,0.4069,2cbd4d1,1,1000,23,23,23,1000,23,0.0758
calibration,grid-u1000-k1-s2,hash_build_left,1000,4d3fbb292f1f348a,90.8967,,23,,4115,0.006,0.3011,0.2973,0.3034,2cbd4d1,1,1000,23,23,1000,23,23,0.0933
calibration,grid-u1000-k1-s20,nested_loop,1000,a541d71029a4d99a,2163.7039,,208,,212832,0.010,10.6623,10.6019,11.1178,2cbd4d1,1,1000,208,208000,0,0,208,10.4044
calibration,grid-u1000-k1-s20,hash_build_right,1000,926d792abb189001,90.4372,,208,,5040,0.006,0.3331,0.3302,0.3370,2cbd4d1,1,1000,208,208,208,1000,208,0.1121
calibration,grid-u1000-k1-s20,hash_build_left,1000,349b7c5f598a4332,98.3498,,208,,5040,0.005,0.3526,0.3487,0.3602,2cbd4d1,1,1000,208,208,1000,208,208,0.1172
calibration,grid-u1000-k1-s100,nested_loop,1000,ac229a3f4ddf98d7,10100.0000,,1000,,1008000,0.021,50.2023,49.9754,50.4807,2cbd4d1,1,1000,1000,1000000,0,0,1000,49.8163
calibration,grid-u1000-k1-s100,hash_build_right,1000,7c6223631d2c40b4,130.0000,,1000,,9000,0.007,0.5750,0.5719,0.5901,2cbd4d1,1,1000,1000,1000,1000,1000,1000,0.2543
calibration,grid-u1000-k1-s100,hash_build_left,1000,602cefa5faa98eca,130.0000,,1000,,9000,0.006,0.5704,0.5663,0.5984,2cbd4d1,1,1000,1000,1000,1000,1000,1000,0.2201
calibration,grid-u1000-k4-s2,nested_loop,1000,3c11401aaefc3284,927.5167,,74,,84296,0.008,4.2920,4.2300,4.4566,2cbd4d1,1,1000,74,74000,0,0,74,3.7388
calibration,grid-u1000-k4-s2,hash_build_right,1000,c314984f299dcb25,203.6766,,74,,10370,0.006,0.6117,0.6019,0.6137,2cbd4d1,1,1000,74,74,74,1000,74,0.0805
calibration,grid-u1000-k4-s2,hash_build_left,1000,4d3fbb292f1f348a,212.9412,,74,,10370,0.006,0.6426,0.6411,0.6481,2cbd4d1,1,1000,74,74,1000,74,74,0.1005
calibration,grid-u1000-k4-s20,nested_loop,1000,a541d71029a4d99a,8201.9430,,798,,811192,0.028,41.3286,40.5368,42.3434,2cbd4d1,1,1000,798,798000,0,0,798,40.6293
calibration,grid-u1000-k4-s20,hash_build_right,1000,926d792abb189001,239.9399,,798,,13990,0.007,0.8605,0.8549,0.9501,2cbd4d1,1,1000,798,798,798,1000,798,0.2248
calibration,grid-u1000-k4-s20,hash_build_left,1000,349b7c5f598a4332,241.9519,,798,,13990,0.006,0.8480,0.8435,0.8625,2cbd4d1,1,1000,798,798,1000,798,798,0.1966
calibration,grid-u1000-k4-s100,nested_loop,1000,ac229a3f4ddf98d7,40310.0000,,4000,,4026000,0.029,200.2801,199.5291,201.5352,2cbd4d1,1,1000,4000,4000000,0,0,4000,198.9791
calibration,grid-u1000-k4-s100,hash_build_right,1000,7c6223631d2c40b4,400.0000,,4000,,30000,0.011,1.7536,1.7388,1.8264,2cbd4d1,1,1000,4000,4000,4000,1000,4000,0.7107
calibration,grid-u1000-k4-s100,hash_build_left,1000,602cefa5faa98eca,370.0000,,4000,,30000,0.012,1.7226,1.7120,1.9599,2cbd4d1,1,1000,4000,4000,1000,4000,4000,0.6158
